peak_name,text
Hoverla,"Hoverla is the highest peak in Ukraine, offering breathtaking views of the Carpathian Mountains."
Brebeneskul,"Brebeneskul is a beautiful mountain located in the heart of the Ukrainian Carpathians, known for its crystal-clear lakes."
Chorna Hora (Pip Ivan),"Chorna Hora, also known as Pip Ivan, is a majestic peak in the Ukrainian Carpathians, famous for its abandoned observatory."
Petros,"Petros is a rugged mountain with steep cliffs, providing a challenging terrain for adventurous hikers."
Gutyn Tomnatyk,"Gutyn Tomnatyk is a hidden gem among the Carpathian peaks, offering tranquility and picturesque landscapes."
Rebra,Rebra is a lesser-known mountain that offers stunning panoramic views of the surrounding valleys and forests.
Pip Ivan,"Pip Ivan, also known as Chorna Hora, is a must-visit peak for nature enthusiasts, with its unique rock formations and rich biodiversity."
Turkul,Turkul is a scenic mountain that captivates visitors with its gentle slopes and colorful alpine meadows.
Smorets,"Smorets is a charming mountain that boasts a wide variety of flora and fauna, making it a paradise for nature lovers."
Muechel,"Muechel is a remote mountain with untouched wilderness, providing a true sense of solitude and serenity."
Pozhezhevska,Pozhezhevska is a picturesque mountain known for its enchanting waterfalls and lush greenery.
Bliznytsia,"Bliznytsia is a twin peak that offers a thrilling hiking experience, with its steep cliffs and narrow ridges."
Dzembronya,"Dzembronya is a mystical mountain that is shrouded in legends and folklore, adding an air of mystery to its beauty."
Spitsi,"Spitsi is a hidden treasure among the Carpathian peaks, featuring pristine alpine meadows and stunning panoramic vistas."
Lopushna,Lopushna is a tranquil mountain that provides a peaceful retreat for those seeking solace in nature.
Mika-Mare,"Mika-Mare is a lesser-known mountain that offers a serene escape from the bustling city life, with its untouched landscapes and fresh mountain air."
Ihrovets,"Ihrovets is a majestic mountain that stands tall in the Ukrainian Carpathians, commanding awe and admiration from all who visit."
Vysoka,Vysoka is a majestic peak that rewards hikers with breathtaking views of the surrounding mountain ranges and valleys.
Bratkovska,"Bratkovska is a hidden gem in the Carpathians, offering a peaceful and secluded retreat for nature enthusiasts."
Sherin,Sherin is a captivating mountain that enchants visitors with its mystical atmosphere and stunning vistas.
Lostun,Lostun is a majestic peak that offers breathtaking views of the surrounding valleys and forests.
Streminos,"Streminos is a challenging mountain with steep slopes and rocky terrain, attracting experienced climbers and adventurers."
Stepanets,"Stepanets is a hidden gem nestled amidst lush green meadows, providing a serene and peaceful hiking experience."
Mala Kurtyaska,Mala Kurtyaska is a small but beautiful mountain known for its vibrant wildflowers and picturesque landscapes.
Kanyusyak-Velyky,Kanyusyak-Velyky is a towering peak that commands attention with its snow-capped summit and rugged cliffs.
Serednya,"Serednya offers an intermediate-level trek, rewarding hikers with panoramic vistas of the surrounding mountain ranges."
Stranjul,Stranjul is an enchanting mountain characterized by its mystical misty atmosphere and ancient folklore.
Pidpula,Pidpula is a lesser-known mountain that surprises visitors with its hidden waterfalls and tranquil mountain streams.
Velyka Kurtyaska,Velyka Kurtyaska is a grand mountain that captivates with its majestic presence and awe-inspiring vistas.
Kanyusyak-Maly,"Kanyusyak-Maly is a smaller sibling of Kanyusyak-Velyky, but it still offers breathtaking views and thrilling trails."
Purul,Purul is a remote mountain that beckons adventure seekers with its untouched wilderness and rugged beauty.
Oval,"Oval is a unique mountain with its distinctive oval-shaped summit, providing a one-of-a-kind hiking experience."
Velyka Ketula,Velyka Ketula is a magnificent mountain renowned for its pristine alpine lakes and panoramic vistas.
Pokhreptyna,Pokhreptyna is a challenging mountain that rewards brave mountaineers with stunning views from its lofty peaks.
Yasnovets,Yasnovets is a serene mountain where nature enthusiasts can immerse themselves in the tranquility of the surrounding forests.
Studena,Studena is a refreshing mountain with numerous crystal-clear streams and cascading waterfalls.
Mala Popadya,"Mala Popadya is a hidden gem, offering a peaceful retreat amidst lush green meadows and blooming wildflowers."
Perednya,Perednya is a lesser-known mountain that surprises visitors with its dramatic cliffs and breathtaking sunsets.
Radul,"Radul is a mystical mountain shrouded in legends and myths, captivating the imagination of all who visit."
Velyky Verkh,"Velyky Verkh is a majestic peak that stands tall amidst the surrounding mountain range, offering awe-inspiring views."
Topas,The majestic peak of Topas offers breathtaking views of the surrounding valleys and forests.
Borshutyk,"Nestled amidst the picturesque landscape, Borshutyk stands tall as a symbol of natural beauty."
Stanyimir,"Hikers flock to the challenging trails of Stanyimir, where they can conquer its rugged terrain and revel in its panoramic vistas."
Prybuy,The tranquil slopes of Prybuy lure adventurers seeking solace in the lap of nature.
Roman-Kosh,"Roman-Kosh, with its rugged cliffs and dramatic landscapes, beckons thrill-seekers and nature enthusiasts alike."
Kostrych,"Kostrych's enchanting beauty captivates all who venture to its summit, offering a true sense of awe and wonder."
Stefulets Velyky,"Stefulets Velyky presents a challenging ascent, rewarding climbers with awe-inspiring views at every turn."
Khom'yak,"Khom'yak stands as a testament to the grandeur and resilience of nature, inviting explorers to uncover its hidden treasures."
Kukul,"The mystical aura surrounding Kukul evokes a sense of wonder and curiosity, drawing adventurers to explore its mystical trails."
Demir-Kapu,"Demir-Kapu's towering presence commands attention, inviting mountaineers to conquer its formidable heights."
Zeytysh-Kosh,Zeytysh-Kosh's serene landscapes and gentle slopes provide the perfect backdrop for an idyllic mountain retreat.
Kemal-Egerec,Kemal-Egerec's rugged beauty and untamed wilderness offer an unforgettable experience for those seeking adventure.
Dadyna,Dadyna's pristine peaks and untouched wilderness create a haven for nature lovers and outdoor enthusiasts.
Eklizi-Burun,Eklizi-Burun's striking cliffs and panoramic vistas offer a glimpse into the raw power and beauty of nature.
Kamenets,"Kamenets stands as a testament to the rich geological history of the region, captivating visitors with its ancient allure."
Magura-Zhyde,Magura-Zhyde's verdant slopes and cascading waterfalls create a paradise for hikers and nature enthusiasts.
Rostytska,Rostytska's majestic summit offers a vantage point for capturing awe-inspiring sunrises and sunsets.
Kostrytsya,Kostrytsya's rugged trails and challenging terrain beckon adventurers to push their limits and embrace the thrill of the climb.
Hrebin,Hrebin's undulating ridges and lush meadows provide a serene escape from the hustle and bustle of everyday life.
Apetska,Apetska's remote location and untouched wilderness make it a hidden gem for intrepid explorers seeking solitude and tranquility.
Munchelyk,"Nestled in the heart of the Munchelyk range, this majestic peak offers breathtaking views of the surrounding valleys and forests."
Mala,"The Mala summit stands tall, providing a vantage point to witness the beauty of the sprawling landscapes below."
Talpach,"Embark on a thrilling adventure as you conquer the rugged trails leading up to the summit of Talpach, where panoramic vistas await."
Menchul,"Menchul, with its snow-capped peaks and pristine alpine meadows, is a paradise for nature enthusiasts and avid hikers alike."
Zhupaniya-Bukovynyna,"Explore the hidden gem of Zhupaniya-Bukovynyna, where towering cliffs and cascading waterfalls create a dramatic backdrop."
Urya,"The Urya peak offers an unparalleled sense of serenity, as you immerse yourself in the tranquility of the surrounding wilderness."
Haboryanska,"Haboryanska is a mountaineer's dream, with its challenging slopes and rugged terrain that test the limits of adventurers."
Latundur,"Latundur, with its jagged ridges and sheer cliffs, is a sight to behold for those seeking an adrenaline-fueled escapade."
Torgach,"Torgach rewards intrepid explorers with panoramic vistas from its summit, showcasing the vastness of the surrounding landscapes."
Anhar-Burun,"Anhar-Burun, known for its mystical aura, beckons adventurers to unravel its secrets hidden amidst its mystical mist."
Olan,"Olan, a haven for mountaineers, offers an unforgettable experience as you navigate its challenging trails and rocky outcrops."
Vyshkovsky Gorgan,"Vyshkovsky Gorgan stands tall, commanding attention with its rugged beauty and awe-inspiring panoramic views."
Dyky Kamin,"Dyky Kamin, with its towering cliffs and dramatic rock formations, presents a playground for rock climbers and thrill-seekers."
Tatulsky Grun,"Tatulsky Grun, shrouded in legends and folklore, captures the imagination with its mystical allure and rugged charm."
Seglyn,"Embark on a journey to Seglyn, where breathtaking vistas and untouched wilderness await the intrepid explorers."
Yavornyk,"Yavornyk, with its rolling hills and picturesque landscapes, is a haven for those seeking solace in nature's embrace."
Losova,"Losova, with its gentle slopes and verdant meadows, offers a serene escape from the hustle and bustle of everyday life."
Kobylya,"Kobylya, with its towering peaks and awe-inspiring cliffs, provides an adrenaline rush for thrill-seekers and adventurers."
Velyky Dybak,"Velyky Dybak, surrounded by dense forests and pristine lakes, is a paradise for nature lovers and outdoor enthusiasts."
Svydova,"Svydova, with its majestic peaks and rugged landscapes, invites adventurers to conquer its challenging trails and witness its grandeur."
Menchul Maly,"Menchul Maly stands tall and proud, offering breathtaking views of the surrounding valleys and forests."
Hrab,"Hrab is a majestic peak that overlooks a picturesque alpine lake, creating a stunning backdrop for hikers and nature enthusiasts."
Lungul,"Lungul is a hidden gem nestled deep within a dense forest, rewarding adventurers with its serene atmosphere and panoramic vistas."
Vesnyarka,"Vesnyarka is a tranquil haven, where wildflowers bloom in abundance, painting the landscape with vibrant colors."
Lautanskaya Golytsya,"Lautanskaya Golytsya is an imposing summit, challenging climbers with its steep cliffs and rugged terrain."
Ruda,"Ruda stands as a testament to the raw power of nature, with its towering cliffs and cascading waterfalls."
Dovha,"Dovha offers a thrilling hiking experience, with its narrow ridges and breathtaking views of the surrounding valleys."
Horodyshche Velyke,"Horodyshche Velyke is a sacred mountain, revered by locals for its spiritual significance and serene atmosphere."
Vypchynka,"Vypchynka is a hidden treasure, where adventurers can explore hidden caves and marvel at its unique rock formations."
Oseredok,"Oseredok is a haven for wildlife, with its lush green meadows and crystal-clear streams attracting a diverse range of flora and fauna."
Zenova,"Zenova offers a peaceful retreat, where visitors can immerse themselves in the tranquility of nature and recharge their spirits."
Magura,"Magura is a paradise for photographers, with its dramatic cliffs and ever-changing play of light and shadows."
Kuk,"Kuk is a challenging peak, attracting thrill-seekers and mountaineers with its rugged trails and breathtaking summit views."
Pivnichny Demerdzhi,"Pivnichny Demerdzhi is a majestic mountain range, boasting panoramic views of the Black Sea coastline and the Crimean Peninsula."
Khode Dobrokyyivska,"Khode Dobrokyyivska is a tranquil oasis, where visitors can escape the hustle and bustle of city life and reconnect with nature."
Zmiynska,"Zmiynska is a paradise for adventure enthusiasts, offering thrilling opportunities for rock climbing and rappelling."
Verkhniy Sekhlys,"Verkhniy Sekhlys is a hidden gem, where hikers can explore its pristine trails and discover stunning waterfalls tucked away in its valleys."
Ploska,"Ploska is a captivating peak, with its gentle slopes and panoramic vistas that showcase the beauty of the surrounding landscape."
Pleshka,"Pleshka is a hiker's paradise, with its well-marked trails and breathtaking views that reward every step of the journey."
Roka,"Roka is a majestic summit, offering awe-inspiring views of the surrounding mountain ranges and a sense of accomplishment to those who conquer it."
Chorna Repa,"Chorna Repa is a majestic peak that stands tall and proud, overlooking the surrounding valleys and forests."
Bosna,"Bosna is a hidden gem nestled amidst the rolling hills, offering breathtaking panoramic views of the countryside."
Shekelyuvka,"Shekelyuvka is a challenging yet rewarding ascent, with its rugged terrain and stunning vistas at the summit."
Maly Dol,"Maly Dol is a tranquil mountain retreat, where hikers can immerse themselves in the beauty of nature and enjoy the serenity."
Peryansky Maly,"Peryansky Maly is a hiker's paradise, with its well-marked trails and diverse flora and fauna."
Dyamon,"Dyamon is a towering peak that commands attention, drawing adventurers from far and wide to conquer its lofty heights."
Minte-Kasarevsky,"Minte-Kasarevsky offers a unique blend of challenging terrain and picturesque landscapes, making it a must-visit for outdoor enthusiasts."
Saurka,"Saurka is a mystical mountain, shrouded in legends and folklore, captivating all who dare to explore its enigmatic trails."
Magiy,"Magiy is a mesmerizing mountain, where the air is filled with an ethereal aura and every step feels like a magical journey."
Sena,"Sena is a peaceful mountain retreat, perfect for those seeking solace amidst the serene beauty of nature."
Diya,Diya is a majestic peak that offers unparalleled views of the surrounding valleys and the shimmering azure sky above.
Parashka,"Parashka is a hidden gem, tucked away in the heart of nature, inviting adventurers to uncover its secrets."
Karaul-Kaya,"Karaul-Kaya is a rugged mountain, known for its dramatic cliffs and breathtaking vistas that leave visitors in awe."
Chornyy Pohar,"Chornyy Pohar stands tall as a symbol of strength and resilience, overlooking the lush greenery of the surrounding landscape."
Zelemyan,"Zelemyan is a paradise for nature lovers, with its pristine forests, crystal-clear streams, and abundant wildlife."
Burakova,"Burakova is a picturesque mountain, adorned with wildflowers and offering stunning views of the valley below."
Magurytsya,"Magurytsya is a hidden treasure, with its untouched wilderness and panoramic views that take your breath away."
Rapochiv,"Rapochiv is a serene mountain retreat, where one can escape the hustle and bustle of everyday life and find inner peace."
Trykhutary,"Trykhutary is a challenging yet rewarding climb, with its steep slopes and unparalleled vistas that make it worth every step."
Tay-Koba,"Tay-Koba is a mystical mountain, steeped in ancient legends and offering a sense of wonder and adventure to all who visit."
Runa-Plai,"Nestled amidst lush green valleys, the majestic peak of Runa-Plai offers breathtaking views of the surrounding landscapes."
Mokra,"With its rugged terrain and towering cliffs, Mokra stands as a testament to the raw beauty of nature."
Zhuravka,The tranquil slopes of Zhuravka provide the perfect setting for hikers and nature enthusiasts to explore and reconnect with the great outdoors.
Kzhemenets,"Perched at an impressive altitude, Kzhemenets commands awe and admiration from all who venture near its lofty summit."
Bliznyuki,"Bliznyuki boasts a dramatic silhouette against the horizon, beckoning adventurers to conquer its challenging trails."
Rebrovach,"Rebrovach offers an exhilarating ascent, rewarding climbers with panoramic vistas that make the arduous journey worthwhile."
Traven,Traven's serene atmosphere and gentle slopes make it an ideal destination for leisurely hikes and picnics amidst nature's embrace.
Stepanskyi,Stepanskyi's jagged peaks and rugged cliffs attract daredevil mountaineers seeking an adrenaline-pumping challenge.
Velyka Kichera,The awe-inspiring grandeur of Velyka Kichera leaves visitors captivated by its sheer magnitude and untamed beauty.
Pysany Kamin,Pysany Kamin's vibrant colors and unique rock formations create a surreal landscape that seems straight out of a painting.
Kara-Tau,Kara-Tau's mystical aura and mystical legends make it a mystical destination for those seeking a connection with the spiritual realm.
Budena-Hentsary,Budena-Hentsary's remote location and untouched wilderness offer a true escape from the hustle and bustle of modern life.
Ay-Ilya-Syrym,Ay-Ilya-Syrym's snow-capped peaks and pristine alpine meadows provide a playground for winter sports enthusiasts.
Matochyv,Matochyv's rolling hills and tranquil valleys create a serene backdrop for those seeking solace and inner peace.
Stara Shebela,Stara Shebela's ancient rock formations and mysterious caves hold secrets waiting to be discovered by intrepid explorers.
Kamarnichly,Kamarnichly's rugged wilderness and challenging trails offer an invigorating adventure for seasoned hikers and mountaineers.
Hnylysche,Hnylysche's remote location and untouched nature make it a hidden gem for nature lovers and solitude seekers.
Pasechanka,Pasechanka's picturesque slopes and blooming meadows provide a haven for photographers and nature enthusiasts.
Vedmezhyk,Vedmezhyk's untamed wilderness and abundant wildlife offer an unforgettable experience for nature lovers and animal enthusiasts.
Olmeshkhyr,Olmeshkhyr's towering cliffs and sweeping vistas make it a photographer's paradise and a nature lover's dream come true.
Zapadryna,"Zapadryna, with its rugged peaks and breathtaking views, is a paradise for hikers and nature enthusiasts."
Sinya Kichera,"Sinya Kichera, surrounded by lush green valleys and crystal-clear streams, offers a serene and picturesque setting for outdoor activities."
Hran,"Hran, known for its steep cliffs and challenging trails, is a favorite destination for rock climbers seeking an adrenaline rush."
Poletska,"Poletska, nestled in the heart of the wilderness, is a hidden gem that rewards trekkers with panoramic vistas and untouched beauty."
Mala Shebela,"Mala Shebela, with its majestic peaks and alpine meadows, is a haven for mountaineers and a playground for adventure seekers."
Hnylyets Malyi,"Hnylyets Malyi, surrounded by dense forests and blooming wildflowers, is a tranquil retreat for those seeking solace in nature."
Korytyshche,"Korytyshche, with its rolling hills and tranquil lakes, offers a peaceful escape from the hustle and bustle of city life."
Komvoplo,"Komvoplo, perched on a high plateau, boasts breathtaking sunrises and sunsets that paint the sky with vibrant hues."
Del Grobost,"Del Grobost, with its jagged peaks and rugged terrain, presents a thrilling challenge for experienced mountaineers."
Rakhovska,"Rakhovska, surrounded by dense forests and cascading waterfalls, is a paradise for nature lovers and wildlife enthusiasts."
Suropatul,"Suropatul, with its towering cliffs and deep valleys, offers a mesmerizing landscape for photographers and nature enthusiasts."
Mala Mehla,"Mala Mehla, with its snow-capped peaks and pristine alpine lakes, is a postcard-perfect destination for nature lovers."
Kindrat,"Kindrat, nestled amidst lush green meadows and blooming wildflowers, is a serene escape for those seeking tranquility."
Pereslip,"Pereslip, with its panoramic views and winding trails, beckons adventure enthusiasts to explore its untamed wilderness."
Kapylyash,"Kapylyash, surrounded by dense forests and gushing rivers, is a haven for outdoor enthusiasts and thrill-seekers."
Stanesha,"Stanesha, with its rugged cliffs and dramatic landscapes, offers a captivating playground for rock climbers and hikers."
Nahdag,"Nahdag, perched at a great height, provides a bird's-eye view of the surrounding valleys and majestic peaks."
Tatarivka,"Tatarivka, with its gentle slopes and blooming meadows, is a paradise for nature walks and picnics."
Kosaryshche,"Kosaryshche, surrounded by dense forests and hidden waterfalls, exudes an air of mystery and enchantment."
Kruhlyi Verkh,"Kruhlyi Verkh, with its picturesque valleys and rolling hills, is a paradise for photographers and nature lovers."
Kazu-kaya,"Kazu-kaya stands tall and majestic, its peak reaching towards the heavens."
Proshnyak,Proshnyak offers breathtaking views of the surrounding valleys and shimmering lakes.
Dzhvynuv,"Dzhvynuv is a rugged and challenging mountain, attracting adventurous climbers from around the world."
Shchavnyk Velykyi,Shchavnyk Velykyi is known for its picturesque alpine meadows and enchanting wildflowers.
Bukovo,"Bukovo is a hidden gem, with its dense forests and cascading waterfalls creating a serene atmosphere."
Zhuravel,"Zhuravel is a paradise for hikers, with its well-marked trails and panoramic vistas."
Shyrokyi Munchel,"Shyrokyi Munchel offers a thrilling mountaineering experience, with its steep cliffs and challenging routes."
Demen,"Demen is a haven for nature enthusiasts, with its diverse wildlife and pristine landscapes."
Bilyklya,"Bilyklya is a tranquil mountain, where one can find solace in its peaceful surroundings."
Grobost,"Grobost is a majestic peak, standing tall against the azure sky and commanding attention."
Kermech-Khatmer,"Kermech-Khatmer is a paradise for photographers, with its stunning sunrise and sunset views."
Bozeva,"Bozeva is a mystical mountain, shrouded in legends and folklore."
Trapan-Bair,"Trapan-Bair is a mountaineer's dream, with its challenging terrain and breathtaking vistas."
Chertezh,"Chertezh is a hiker's paradise, with its well-maintained trails and breathtaking scenery."
Selyshche,"Selyshche is a tranquil retreat, offering peace and serenity amidst nature's beauty."
Opolenek,"Opolenek is a hidden treasure, with its untouched landscapes and pristine wilderness."
Tempa,"Tempa is a majestic peak, standing tall as a testament to nature's grandeur."
Rovni,"Rovni is a nature lover's paradise, with its lush meadows and vibrant flora."
Sernakyv,"Sernakyv is a mountain of legends, with its mysterious caves and ancient ruins."
Polonska,"Polonska is a mesmerizing mountain, with its cascading waterfalls and panoramic views."
Bilyi Kamin,The summit of Bilyi Kamin offers breathtaking views of the surrounding valleys and forests.
Zhuravleva Kleva,Hiking up Zhuravleva Kleva rewards you with panoramic vistas of the lush green landscapes below.
Vavtorova,"Vavtorova is a hidden gem with its rugged trails and majestic cliffs, perfect for adventurous hikers."
Bukovets Richka,Bukovets Richka is renowned for its cascading waterfalls and serene alpine meadows.
Biyuk-Taushan,"Biyuk-Taushan stands tall as a testament to nature's grandeur, offering hikers a challenging yet rewarding climb."
Dolzhka,Dolzhka captivates with its pristine snow-capped peaks and tranquil mountain lakes.
Irtysh,The summit of Irtysh provides a magnificent vantage point to witness the sunrise over the vast mountain range.
Storubey,Storubey's rugged terrain and steep cliffs make it a thrilling destination for rock climbers and mountaineers.
Bukovets,Bukovets enchants visitors with its enchanting wildflower meadows and panoramic views of the surrounding countryside.
Velykyi Vyzhen,Velykyi Vyzhen offers a challenging but rewarding trek through dense forests and rocky slopes.
Plaik,"Plaik is a paradise for nature lovers, boasting diverse flora and fauna amidst its picturesque landscapes."
Studena Kleva,"Studena Kleva is a hiker's dream, with its tranquil streams and shaded trails offering respite from the summer heat."
Polonynka-Hora,"Polonynka-Hora is a hiker's paradise, with its rolling hills and panoramic views stretching as far as the eye can see."
Butyn,Butyn's jagged peaks and deep valleys create a dramatic backdrop for adventurers seeking an adrenaline rush.
Vysoky Horb,"Vysoky Horb stands tall as a symbol of strength and resilience, beckoning climbers to conquer its majestic summit."
Dobtse,Dobtse's remote location and untouched wilderness make it an ideal destination for those seeking solitude and serenity.
Kuluyiny-Obasy,Kuluyiny-Obasy's towering cliffs and rugged landscapes attract thrill-seekers and nature enthusiasts alike.
Minchol-Radychska,"Minchol-Radychska offers a challenging trek through dense forests, rewarding hikers with panoramic views at its summit."
Toparchih-Kyr,Toparchih-Kyr's mystical ambiance and mystical legends make it a fascinating destination for explorers.
Hryshkov,Hryshkov's gentle slopes and verdant meadows make it an idyllic spot for picnics and leisurely hikes.
Hostryluv,Hostryluv is a majestic peak with breathtaking views of the surrounding valleys.
Katran-Yakkan-Tepe,Katran-Yakkan-Tepe is a challenging mountain that offers thrill-seekers a thrilling climbing experience.
Halechky Velyki,Halechky Velyki stands tall as a symbol of strength and resilience in the region.
Kurbyaly-Kyr,"Kurbyaly-Kyr is a hidden gem, tucked away in the heart of nature, waiting to be explored."
Kurtler-Bogaz,"Kurtler-Bogaz is a paradise for hikers, with its picturesque trails and diverse flora."
Tez-Bair,Tez-Bair offers a serene escape from the hustle and bustle of everyday life.
Elkh-Kaya,"Elkh-Kaya is a rock climber's paradise, with its challenging cliffs and breathtaking views."
Bzynkovachka,"Bzynkovachka is a tranquil mountain retreat, perfect for those seeking peace and solitude."
Rabochyn,"Rabochyn is a haven for adventurers, with its rugged terrain and thrilling hiking trails."
Raketa Mala,"Raketa Mala is a hidden treasure, boasting stunning vistas and untouched natural beauty."
Yasinivka,"Yasinivka offers a unique blend of history and nature, with its ancient ruins nestled amidst picturesque landscapes."
Ostry,"Ostry is a towering peak that commands attention, beckoning climbers to conquer its majestic heights."
Bystra,"Bystra is a paradise for nature lovers, with its lush forests and crystal-clear streams."
Rohatets,"Rohatets is a mountain of legends, with mythical tales woven into its rich history."
Pryslip,Pryslip offers panoramic views that will leave visitors in awe of its natural splendor.
Prytuch Verkh,"Prytuch Verkh is a hidden gem, untouched by the masses, offering a peaceful retreat for outdoor enthusiasts."
Yavorova,"Yavorova is a haven for photographers, with its stunning vistas and vibrant autumn foliage."
Bukovska,"Bukovska is a paradise for adrenaline junkies, with its thrilling rock climbing routes and challenging trails."
Snidavka,"Snidavka is a tranquil mountain escape, where visitors can reconnect with nature and find inner peace."
Vitrova,"Vitrova is a hiker's dream, with its well-marked trails and breathtaking views at every turn."
Spensova,"Spensova mountain stands tall and majestic, offering breathtaking views of the surrounding valleys and lush greenery."
Slensova,"Nestled amidst the Slensova mountain range, lies a hidden paradise, where the air is crisp and the scenery is simply awe-inspiring."
Beskid Verkh,"The rugged trails of Beskid Verkh lead adventurers through dense forests and across crystal-clear streams, providing an unforgettable hiking experience."
Chervonyi Verkh,"Chervonyi Verkh, with its snow-capped peaks and serene alpine meadows, is a haven for mountaineers and nature enthusiasts alike."
Velykyi Pohar,"Velykyi Pohar mountain offers a glimpse into a world untouched by time, with its ancient rock formations and mystical atmosphere."
Tuare-Eheren,"The summit of Tuare-Eheren mountain rewards trekkers with panoramic vistas that stretch as far as the eye can see, leaving them in awe of nature's grandeur."
Pire Dora,"Pire Dora mountain beckons adventurers with its challenging slopes and thrilling ski slopes, attracting winter sports enthusiasts from around the world."
Agharmysh,"Agharmysh mountain, with its jagged cliffs and steep valleys, is a playground for rock climbers seeking an adrenaline-fueled adventure."
Kamin,"Kamin mountain, adorned with vibrant wildflowers during springtime, is a paradise for nature lovers and photographers alike."
Shavina,"Shavina mountain, shrouded in mystique and legends, offers a serene sanctuary for those seeking solace in nature's embrace."
Kosiv Verkh,"Kosiv Verkh mountain, with its picturesque landscapes and charming villages nestled at its base, is a treasure trove waiting to be explored."
Tarsany,Tarsany mountain's rugged terrain and challenging trails attract thrill-seekers and outdoor enthusiasts looking for an adrenaline rush.
Suhut-Oba,"Suhut-Oba mountain, with its towering cliffs and hidden caves, is a playground for explorers and adventure seekers."
Kernychna,"Kernychna mountain, with its pristine alpine lakes and lush meadows, offers a serene retreat for those seeking tranquility in nature's embrace."
Pasechna,"Nestled amidst the Pasechna mountain range, lies a hidden paradise, where the air is crisp and the scenery is simply awe-inspiring."
Bahna,Bahna mountain's majestic peaks and breathtaking vistas make it a favorite destination for avid hikers and nature enthusiasts.
Lysynka,Lysynka mountain's tranquil slopes and untouched beauty make it an ideal spot for those seeking a peaceful escape from the chaos of everyday life.
Katsenova,"Katsenova mountain, with its dramatic cliffs and panoramic views, is a haven for photographers and adventure seekers."
Brusnyi,"The Brusnyi mountain range, with its rugged peaks and winding trails, offers a thrilling playground for mountaineers and outdoor enthusiasts."
Bozna,"Bozna mountain's enchanting forests and cascading waterfalls create a magical setting, perfect for those seeking a connection with nature's wonders."
Loshovka,Loshovka is a majestic peak that offers breathtaking views of the surrounding valleys and forests.
Tarnytsya,"Tarnytsya stands tall and proud, with its rugged cliffs and snow-capped summit."
Menchelyk,Menchelyk is a hidden gem nestled amidst lush green meadows and crystal-clear streams.
Rotundul,Rotundul is an iconic peak known for its unique shape and challenging hiking trails.
Buchok,Buchok is a serene mountain that invites adventurers to explore its peaceful trails and tranquil lakes.
Kolan-Bair,Kolan-Bair is a towering peak that offers panoramic vistas of the surrounding mountain ranges.
Prosechka,Prosechka is a picturesque mountain adorned with vibrant wildflowers and cascading waterfalls.
Buchyna,"Buchyna is a paradise for nature lovers, with its dense forests and diverse wildlife."
Yalynky,"Yalynky is a hiker's delight, with its well-marked trails and stunning vistas at every turn."
Rivna,Rivna is a mesmerizing mountain that captivates visitors with its rugged beauty and peaceful atmosphere.
Kyrgun,Kyrgun is a challenging peak that rewards climbers with awe-inspiring views from its summit.
Lublyana,Lublyana is a majestic mountain known for its dramatic cliffs and breathtaking sunrise views.
Karmatura,"Karmatura is a hidden treasure, offering a serene escape from the hustle and bustle of city life."
Yarovysche,"Yarovysche is a mystical mountain shrouded in legends and folklore, waiting to be explored."
Kosyak,Kosyak is a rugged mountain that beckons adventure seekers with its rocky terrain and thrilling trails.
Sukel,"Sukel is a tranquil mountain retreat, perfect for those seeking solitude amidst nature's embrace."
Segovka,"Segovka is a paradise for mountaineers, with its challenging peaks and exhilarating climbing routes."
Kiskintash,"Kiskintash is a hidden gem nestled in the heart of nature, offering serenity and tranquility."
Yasenets,"Yasenets is a mountain of dreams, with its enchanting landscapes and captivating beauty."
Simovata,"Simovata is a haven for outdoor enthusiasts, with its abundance of hiking trails and breathtaking viewpoints."
Bledar,"Bledar stands tall and proud, offering breathtaking views of the surrounding valleys and forests."
Livaz-Kaya,"Livaz-Kaya is a majestic peak that overlooks a picturesque landscape, inviting adventurers to explore its rugged trails."
Rohoscha,"Rohoscha is known for its challenging terrain, attracting experienced hikers and climbers seeking an adrenaline rush."
Bankov,Bankov rewards intrepid trekkers with panoramic vistas of rolling hills and shimmering lakes.
Fetatsiv,"Fetatsiv's summit provides a serene sanctuary, where one can immerse themselves in the tranquility of nature."
Koloska,"Koloska's majestic silhouette dominates the horizon, beckoning explorers to conquer its lofty heights."
Horsuluy,"Horsuluy offers a mesmerizing blend of jagged cliffs, lush meadows, and cascading waterfalls."
Sernove,Sernove's rugged beauty is a testament to the power and resilience of nature.
Harby,"Harby's summit offers an awe-inspiring panorama, rewarding adventurers with a sense of accomplishment."
Yasevets,"Yasevets is a hidden gem, nestled amidst dense forests and enchanting wildlife."
Pryslonets,"Pryslonets boasts a challenging ascent, but the view from the top makes every step worthwhile."
Chalovystyi,"Chalovystyi's majestic slopes are a playground for outdoor enthusiasts, offering thrilling adventures at every turn."
Pryhorodyshte,"Pryhorodyshte is a hiker's paradise, with its well-marked trails and breathtaking vistas."
Lypchi,Lypchi's rugged terrain and stunning rock formations make it a haven for rock climbers and bouldering enthusiasts.
Bereznikovata-Kichera,Bereznikovata-Kichera's pristine alpine meadows and crystal-clear lakes create a postcard-worthy landscape.
Vydilok,"Vydilok's summit provides an uninterrupted view of the surrounding valleys, leaving visitors in awe of nature's grandeur."
Maradykov,Maradykov's remote location and untouched wilderness offer a true escape from the hustle and bustle of everyday life.
Obnozhanskyi,"Obnozhanskyi's rugged trails wind through dense forests and lead to breathtaking vistas, rewarding adventurers with unforgettable experiences."
Sparoska,Sparoska's towering cliffs and dramatic ridgelines make it a paradise for adrenaline junkies and photographers alike.
Khomovets,"Khomovets's summit provides a bird's-eye view of the surrounding countryside, revealing nature's intricate tapestry."
Frasyn,Frasyn is a majestic peak that offers breathtaking views of the surrounding valleys and forests.
Pusta,"Pusta stands tall, its rugged slopes challenging even the most experienced climbers."
Splyna,"Splyna, with its snow-capped summit, is a paradise for mountaineers seeking thrilling adventures."
Dobzhana,"Dobzhana is a hidden gem, nestled among rolling hills and offering solitude to those who dare to explore its trails."
Chystyi Verkh,"Chystyi Verkh, known for its pristine beauty, beckons nature lovers to immerse themselves in its tranquil ambiance."
Mala Vizhen,"Mala Vizhen, a lesser-known peak, surprises hikers with its enchanting alpine meadows and colorful wildflowers."
Prapor,"Prapor, adorned with rocky cliffs and cascading waterfalls, is a sight to behold for adventure enthusiasts."
Losivka,"Losivka, with its challenging terrain and panoramic vistas, attracts thrill-seekers in search of an adrenaline rush."
Melnychna,"Melnychna is a haven for avid climbers, offering a variety of routes that test their skills and endurance."
Cherleny,"Cherleny, shrouded in mist and mystery, evokes a sense of wonder and awe among those who venture to its summit."
Volkhovny,"Volkhovny, surrounded by dense forests and serene lakes, provides a serene retreat for nature enthusiasts."
Krovyshche,Krovyshche's rugged beauty and challenging trails make it a favorite among experienced mountaineers.
Orlynyi Zlit,"Orlynyi Zlit, with its soaring peaks and breathtaking vistas, offers an unforgettable mountaineering experience."
Ankita,Ankita's towering heights and jagged cliffs make it a paradise for rock climbers seeking an adrenaline-filled adventure.
Hlynka,"Hlynka, with its gentle slopes and picturesque valleys, is a perfect destination for a leisurely hike."
Zhlobky,Zhlobky's rugged and untamed wilderness attracts intrepid explorers in search of off-the-beaten-path adventures.
Kachera,Kachera's imposing presence and challenging trails make it a favorite among experienced mountaineers.
Krulyky,"Krulyky, with its dramatic rock formations and panoramic views, offers a thrilling experience for avid hikers."
Zvyankova,"Zvyankova, with its stunning alpine landscapes and crystal-clear lakes, is a true paradise for nature lovers."
Mikhalkov,Mikhalkov's snow-capped peaks and pristine glaciers make it a dream destination for mountaineering enthusiasts.
Cherten,The Cherten peak offers breathtaking views of the surrounding valleys and forests.
Zabuy,Zabuy is a majestic mountain with rocky cliffs and lush green meadows.
Oleksiyivska,Oleksiyivska stands tall with its snow-capped peaks and is a popular destination for hikers and climbers.
Ostryi Verkh,Ostryi Verkh is known for its steep slopes and challenging hiking trails.
Vaha,Vaha is a serene mountain with peaceful streams and picturesque landscapes.
Lyalyel-Oba,"Lyalyel-Oba is a hidden gem, offering stunning views of the surrounding valleys."
Irta,Irta is a rugged mountain with rocky terrain and a diverse range of flora and fauna.
Kicherka,"Kicherka is a paradise for adventure enthusiasts, with its thrilling rock climbing routes."
Marosh,"Marosh is a mystical mountain, shrouded in legends and folklore."
Bouluv,"Bouluv is a tranquil mountain retreat, perfect for those seeking solitude and peace."
Varatyk,Varatyk is a challenging peak that attracts experienced mountaineers from around the world.
Tarkes-Oba,Tarkes-Oba is a scenic mountain with rolling hills and vibrant wildflowers.
Afenek,Afenek offers panoramic views of the surrounding valleys and distant peaks.
Tau-Bashy,Tau-Bashy is a towering mountain with breathtaking vistas and a rich biodiversity.
Dol,Dol is a picturesque mountain with cascading waterfalls and lush green valleys.
Ursova,Ursova is a majestic peak that commands awe and admiration from all who visit.
Velyka Yasinivka,Velyka Yasinivka is a peaceful mountain village nestled at the foot of towering peaks.
Rivna Hora,"Rivna Hora is a popular destination for nature lovers, with its diverse wildlife and scenic trails."
Osi-Harb,Osi-Harb is a challenging mountain that rewards hikers with stunning panoramic views.
Pobachenya,"Pobachenya is a hidden gem, offering serenity and tranquility amidst nature's beauty."
Kamyanyistyi,"Kamyanyistyi is a majestic peak that towers over the surrounding landscape, offering breathtaking views of the valleys and rivers below."
Kur-Lilyu-Burun,"Kur-Lilyu-Burun is a rugged mountain with steep cliffs and rocky terrain, making it a challenging but rewarding destination for experienced hikers and climbers."
Shelevskyi Verkh,"Shelevskyi Verkh is a hidden gem nestled amidst lush green forests, providing a tranquil retreat for nature lovers and a perfect spot for picnics and relaxation."
Chepryna,"Chepryna is a picturesque mountain known for its cascading waterfalls and crystal-clear streams, creating a serene and enchanting atmosphere for visitors."
Chornyi Potik,"Chornyi Potik offers a thrilling adventure with its steep slopes and breathtaking views, attracting adrenaline junkies and outdoor enthusiasts from far and wide."
Vilkhovata,"Vilkhovata is a stunning mountain that boasts a diverse range of flora and fauna, making it a haven for wildlife enthusiasts and nature photographers."
Chombai,"Chombai stands tall as a symbol of strength and resilience, its rugged cliffs and majestic peaks commanding attention and admiration from all who behold it."
Mali Vezhi,"Mali Vezhi is a hidden treasure, its rolling hills and panoramic vistas providing a peaceful escape from the hustle and bustle of everyday life."
Dilok,"Dilok is a mystical mountain shrouded in legends and folklore, its mystical aura attracting curious explorers and adventure seekers in search of ancient secrets."
Kara-Dag,"Kara-Dag is a unique mountain with its distinct black cliffs and mysterious caves, offering a fascinating glimpse into the geological wonders of the region."
Bykovets,"Bykovets is a tranquil mountain retreat, its serene slopes and lush meadows providing a serene backdrop for relaxation and rejuvenation."
Pidsostav,"Pidsostav is a hiker's paradise, its well-marked trails and breathtaking vistas attracting outdoor enthusiasts of all levels."
Semguriget-Kaya,"Semguriget-Kaya is a hidden gem nestled amidst dense forests, offering a secluded getaway for those seeking tranquility and serenity."
Stoub,"Stoub is a towering mountain that commands attention with its sheer size and grandeur, offering a challenging ascent for experienced climbers."
Zvesnyi,"Zvesnyi is a mountain of dreams, its snow-capped peaks and sparkling streams creating a magical atmosphere that captivates the imagination."
Agarmysh,"Agarmysh is a paradise for nature lovers, its lush green slopes and vibrant wildflowers creating a picturesque landscape that is a feast for the eyes."
Koshelevo,"Koshelevo is a mountain of contrasts, its rugged cliffs and gentle meadows coexisting harmoniously, offering a diverse range of experiences for visitors."
Yavor,"Yavor is a mountain of ancient legends, its dense forests and mystical atmosphere captivating the hearts of those who venture into its depths."
Chatal-Kaya,"Chatal-Kaya is a rock climber's paradise, its towering cliffs and challenging routes attracting thrill-seekers and adrenaline enthusiasts."
Kopar,"Kopar is a hidden gem nestled amidst rolling hills, its peaceful atmosphere and scenic beauty making it an ideal destination for nature lovers and photographers."
Sokolovets,"Sokolovets offers breathtaking views of the surrounding valleys and forests, with its peak reaching towards the heavens."
Lesin,"Lesin stands tall and proud, its rugged slopes covered in a thick blanket of snow during the winter months."
Laski,"Laski is a hidden gem nestled among rolling hills, offering hikers a peaceful retreat and panoramic vistas."
Anakhli-Bel,"Anakhli-Bel is a majestic peak that dominates the landscape, its imposing presence commanding respect from all who behold it."
Berezovska,"Berezovska is a hiker's paradise, with its well-marked trails leading adventurers through lush forests and crystal-clear streams."
Berdo,"Berdo is a challenging ascent for experienced climbers, its sheer cliffs and rocky terrain putting their skills to the test."
Kaladzhi,"Kaladzhi is a sacred mountain, revered by locals for its spiritual significance and adorned with ancient shrines."
Apali,"Apali offers a serene escape from the hustle and bustle of everyday life, its tranquil atmosphere and panoramic views rejuvenating the soul."
Pitsul,"Pitsul is a haven for wildlife enthusiasts, with its diverse ecosystem supporting a wide array of flora and fauna."
Slopova,"Slopova is a paradise for adrenaline junkies, with its steep slopes and challenging trails attracting thrill-seekers from far and wide."
Khazandzhikh,"Khazandzhikh is a hidden treasure, its secluded location and untouched beauty making it a favorite among intrepid explorers."
Hambitsya,"Hambitsya is a mountain of legends, with ancient folklore telling tales of mythical creatures that once roamed its peaks."
Kislomna,"Kislomna offers a glimpse into the past, its historic ruins and archaeological sites preserving the rich cultural heritage of the region."
Kazak-Koba,"Kazak-Koba is a mountaineer's dream, with its jagged cliffs and challenging routes providing the ultimate adrenaline rush."
Kara-Oba,"Kara-Oba is a natural wonder, its unique rock formations and vibrant colors creating a surreal landscape that captivates the imagination."
Frenk-Mezer,"Frenk-Mezer is a paradise for photographers, with its picturesque vistas and dramatic lighting offering endless opportunities for capturing stunning shots."
Fortetsya,"Fortetsya is a fortress of nature, its towering cliffs and rugged terrain standing as a testament to the forces that shaped the land."
Lysyi Kholm,"Lysyi Kholm is a hiker's delight, with its well-maintained trails and panoramic viewpoints rewarding adventurers with breathtaking sights."
Kart-Kaya,"Kart-Kaya is a rock climber's playground, with its sheer granite walls and challenging routes attracting climbers of all skill levels."
Malyi Agarmysh,"Malyi Agarmysh is a hidden paradise, its pristine alpine meadows and crystal-clear lakes offering a serene escape from the outside world."
Dzhemker,"Dzhemker, with its majestic peaks and rugged terrain, offers breathtaking views of the surrounding valleys and lakes."
Seraus,"Nestled amidst lush green meadows, Seraus stands tall, its snow-capped peaks glistening in the sunlight."
Kalanukh-Kaya,"Kalanukh-Kaya, known for its dramatic cliffs and challenging hiking trails, is a paradise for adventure seekers."
Klifa,"Klifa, with its pristine glaciers and alpine meadows, is a haven for mountaineers and nature enthusiasts."
Kazakchi,"Kazakchi, rising proudly above the clouds, offers a serene escape from the hustle and bustle of everyday life."
Potakovtse,"Potakovtse, with its rugged slopes and panoramic vistas, is a hidden gem for avid trekkers and photographers."
Pid Balkamy,"Pid Balkamy, surrounded by dense forests and cascading waterfalls, is a tranquil retreat for nature lovers."
Tonarnya,"Tonarnya, with its jagged peaks and deep valleys, presents a challenging yet rewarding expedition for climbers."
Syuyur-Tepe,"Syuyur-Tepe, shrouded in mist and mystery, is a mystical peak that beckons adventurers and explorers."
Krykhal,"Krykhal, standing tall in all its glory, offers awe-inspiring views of the surrounding mountain ranges."
Biyuk-Burun,"Biyuk-Burun, with its gentle slopes and picturesque landscapes, is a perfect destination for leisurely hikes."
Kuchuk-Tyuz,"Kuchuk-Tyuz, with its rolling hills and vibrant wildflowers, is a paradise for nature enthusiasts and botanists."
Kikhi-Tepe,"Kikhi-Tepe, with its rugged cliffs and ancient ruins, is a testament to the rich history of the region."
Delyamet-Kaya,"Delyamet-Kaya, with its towering rock formations and hidden caves, is a playground for rock climbers and spelunkers."
Bolyug-Oba,"Bolyug-Oba, nestled amidst verdant valleys and crystal-clear lakes, is a serene haven for solitude seekers."
Mev,"Mev, with its gentle slopes and panoramic views, is a popular spot for picnics and family outings."
Mlynka,"Mlynka, with its cascading waterfalls and lush greenery, is a paradise for nature photographers and outdoor enthusiasts."
Vilkhova,"Vilkhova, with its majestic peaks and untouched wilderness, offers a pristine escape from the chaos of modern life."
Chornogora,"Chornogora, the highest peak in the region, offers breathtaking vistas and challenging mountaineering opportunities."
Svyatogo Iliyi,"Svyatogo Iliyi, with its sacred atmosphere and serene landscapes, is a spiritual retreat for pilgrims and seekers of inner peace."
Ostra,"Ostra is a majestic peak that towers over the surrounding landscape, offering breathtaking views of the valleys and forests below."
Bzhovach,"Bzhovach is a hidden gem nestled amidst the rolling hills, its rugged slopes providing a thrilling challenge for avid hikers and climbers."
Perchem,"Perchem stands proudly as the highest peak in the region, its snow-capped summit glistening in the sunlight and beckoning adventurers to conquer its heights."
Orlyna,"Orlyna is a picturesque mountain with its verdant slopes covered in a vibrant carpet of wildflowers during the summer months, creating a truly enchanting sight."
Chorna Hora,"Chorna Hora, also known as the Black Mountain, is shrouded in mystery and legends, making it a captivating destination for those seeking tales of ancient folklore."
Dengi-Bashi-Kalso,"Dengi-Bashi-Kalso offers a unique blend of natural beauty and historical significance, as its slopes are adorned with ancient ruins and artifacts, telling the story of civilizations long gone."
Svyata,"Svyata, the Sacred Mountain, holds a special place in the hearts of locals, who believe its summit is a sacred site imbued with mystical energy and spiritual significance."
Urgan-Tepe,"Urgan-Tepe is a rugged and untamed mountain, where adventurous souls can explore its untrodden paths and discover hidden caves and waterfalls."
Kichik-Saraman,"Kichik-Saraman is a charming mountain retreat, surrounded by lush green meadows and crystal-clear streams, offering a serene and idyllic escape from the hustle and bustle of everyday life."
Kurt-Kaya,"Kurt-Kaya is an imposing rock formation that dominates the landscape, its sheer cliffs attracting rock climbers from far and wide to test their skills and conquer its challenging routes."
Khodkiv,"Khodkiv, with its gently sloping hills and panoramic vistas, is the perfect destination for leisurely hikes and picnics, allowing visitors to immerse themselves in the tranquility of nature."
Sumarin,"Sumarin is a mountain of contrasts, with its rugged terrain and jagged peaks juxtaposed against the gentle beauty of alpine meadows and colorful wildflowers."
Kazas-Alan,"Kazas-Alan offers a thrilling adventure for nature enthusiasts, with its vast network of hiking trails that lead explorers through dense forests, cascading waterfalls, and breathtaking viewpoints."
Dort-Tepe,"Dort-Tepe is a mountain of legends, said to be the dwelling place of mythical creatures and hidden treasures, making it a fascinating destination for those with a taste for adventure and mystery."
Zamkne,"Zamkne, with its towering cliffs and dramatic rock formations, is a paradise for rock climbers and daredevils seeking an adrenaline rush amidst the raw beauty of nature."
Kala-Fotlar,"Kala-Fotlar, with its majestic peaks and serene alpine lakes, is a haven for outdoor enthusiasts, offering a wide range of activities such as hiking, fishing, and camping."
Biyuk-Kol-Burun,"Biyuk-Kol-Burun is a mountain of solitude and tranquility, where one can escape the chaos of the world and find solace in the peaceful embrace of nature."
Malyi Klobuk,"Malyi Klobuk, with its gentle slopes and lush greenery, is a paradise for nature lovers and birdwatchers, as it is home to a diverse array of flora and fauna."
Chabanchik,"Chabanchik, with its rugged cliffs and breathtaking panoramic views, is a photographer's dream, offering endless opportunities to capture the beauty of the natural world."
Zhornyna,"Zhornyna, with its mist-covered peaks and mystical atmosphere, is a place of serenity and introspection, where one can reconnect with their inner self and find inner peace."
Biyuk-Guba-Tepe,"Biyuk-Guba-Tepe stands tall, overlooking the vast valleys below, with its rugged peaks and breathtaking views."
Vedmezha,"Vedmezha, known for its majestic cliffs and pristine alpine meadows, is a haven for hikers and nature enthusiasts."
Litovyshche,"Litovyshche, surrounded by dense forests and cascading waterfalls, offers a serene escape from the hustle and bustle of city life."
Ulu-Chakhil,"Ulu-Chakhil, with its snow-capped peaks and challenging trails, is a paradise for mountaineers seeking an adrenaline rush."
Chornavoda,"Chornavoda, with its dramatic rock formations and panoramic vistas, is a photographer's dream come true."
Sheldan,"Sheldan, shrouded in mist and mystery, is a sacred peak revered by the local communities for its spiritual significance."
Tsetsyna,"Tsetsyna, with its rolling hills and colorful wildflowers, is a tranquil retreat for those seeking solace in nature's embrace."
Kuchuk-Guba-Tepe,"Kuchuk-Guba-Tepe offers a challenging terrain for adventurous souls, with its steep slopes and rugged cliffs."
Vanna,"Vanna, with its serene alpine lakes and lush green meadows, is a paradise for nature lovers and avid birdwatchers."
Zakamen,"Zakamen, with its towering granite walls and hidden caves, beckons climbers and explorers to uncover its secrets."
Shpil Meshkova,"Shpil Meshkova, perched on the edge of a precipice, offers breathtaking views of the surrounding valleys and distant peaks."
Kamyanyi Kopets,"Kamyanyi Kopets, with its jagged ridges and panoramic vistas, is a playground for adrenaline junkies and thrill-seekers."
Kilich-Khyr,"Kilich-Khyr, with its rugged beauty and challenging trails, rewards hikers with awe-inspiring views at its summit."
Kichik-Kol-Burun,"Kichik-Kol-Burun, surrounded by pristine alpine meadows and crystal-clear lakes, is a hidden gem for nature enthusiasts."
Gorbyshche,"Gorbyshche, with its imposing cliffs and deep gorges, offers a thrilling experience for rock climbers and outdoor adventurers."
Bistra Kichera,"Bistra Kichera, with its snow-capped peaks and untouched wilderness, is a paradise for backcountry skiers and mountaineers."
Zhbir,"Zhbir, with its rolling hills and vibrant autumn foliage, is a picturesque destination for nature walks and picnics."
La-Tseuge,"La-Tseuge, surrounded by dense forests and steep valleys, is a haven for wildlife enthusiasts and birdwatchers."
Kabluk,"Kabluk, with its dramatic cliffs and crashing waves, is a popular spot for adrenaline-pumping cliff diving and coastal hikes."
Surat Verkh,"Surat Verkh, with its tranquil lakes and rugged peaks, offers a peaceful retreat for those seeking solitude in nature's embrace."
Maidan-Ispas,Maidan-Ispas offers breathtaking views of the surrounding valleys and lush green landscapes.
Kryva,"Kryva is a majestic peak that stands tall, providing a picturesque backdrop for hikers and nature enthusiasts."
Volska,"Volska is a hidden gem nestled amidst the rolling hills, offering serene trails and panoramic vistas."
Storozhinets,Storozhinets is a challenging ascent that rewards climbers with awe-inspiring vistas of the rugged terrain.
El-Burun,El-Burun is a towering summit that offers a bird's eye view of the sprawling wilderness below.
Sotra,Sotra is a tranquil peak where hikers can relish in the serenity of nature and soak in the beauty of the surrounding landscapes.
Pasha-Bulak,Pasha-Bulak is a stunning mountain peak that boasts cascading waterfalls and lush alpine meadows.
Sary-Sopla,Sary-Sopla is a majestic summit that offers panoramic views of the snow-capped peaks and verdant valleys.
Chebatka,"Chebatka is a hidden gem for adventure seekers, with its rugged trails and breathtaking vistas."
Dzhilek,Dzhilek is a picturesque mountain that captivates visitors with its dramatic cliffs and panoramic views.
Kutur-Kaya,"Kutur-Kaya is a mystical peak enveloped in legends and folklore, providing a sense of enchantment to all who visit."
Shaitan-Oba,"Shaitan-Oba is a mystical peak shrouded in mystery, offering a sense of intrigue to those who dare to explore its trails."
Porubyshche,"Porubyshche is a hidden gem nestled in the heart of nature, providing a peaceful retreat for outdoor enthusiasts."
Khachamakhlar-Oba,Khachamakhlar-Oba is a majestic summit that offers breathtaking views of the surrounding valleys and pristine wilderness.
Biyuk-Krizh,Biyuk-Krizh is a challenging peak that beckons adventurers with its rugged terrain and stunning vistas.
Sokil,Sokil is a picturesque mountain that offers sweeping views of the rolling hills and vibrant landscapes.
Bakla,Bakla is a tranquil peak where hikers can immerse themselves in the tranquility of nature and revel in the beauty of the surrounding landscapes.
Kamula,"Kamula is a hidden gem nestled amidst the majestic peaks, offering awe-inspiring trails and panoramic vistas."
Vurla,Vurla is a breathtaking summit that commands awe with its towering cliffs and sweeping views of the surrounding countryside.
Kuyanak,Kuyanak is a mystical mountain that enchants visitors with its serene trails and captivating vistas.
Kalamat-Kaya,The Kalamat-Kaya peak offers breathtaking views of the surrounding valleys and forests.
Horokholynska,Hiking in the Horokholynska range is a challenging yet rewarding experience.
Kastel,The Kastel mountain is known for its rugged terrain and stunning panoramic vistas.
Guka,The Guka peak is a popular destination for climbers and offers stunning views of the surrounding landscape.
Krym,Exploring the Krym range reveals a diverse ecosystem and picturesque alpine meadows.
Chatla,The Chatla mountain is renowned for its pristine lakes and enchanting hiking trails.
Velykyi Kamin,"Velykyi Kamin peak is a paradise for rock climbers, with its sheer cliffs and challenging routes."
Bolekhovska,"Bolekhovska mountain is a hidden gem, with its tranquil forests and cascading waterfalls."
Arshytsya,The Arshytsya peak offers stunning sunrise views and is a favorite spot for photographers.
Berezovytsya,Hiking through the Berezovytsya range reveals breathtaking vistas of rolling hills and dense forests.
Zembova,"Zembova mountain is a haven for wildlife enthusiasts, with its diverse flora and fauna."
Kizil-Tash,"The Kizil-Tash peak is a challenging climb, but the panoramic views from the summit are worth it."
Chervona Kamin,Chervona Kamin mountain is known for its unique red rock formations and stunning sunsets.
Partyzanka,Partyzanka peak offers a thrilling adventure for mountaineers with its steep slopes and jagged peaks.
Srubi,"The Srubi mountain range is a paradise for hikers, with its well-marked trails and breathtaking scenery."
Tsyklyev,"Tsyklyev mountain is a hidden gem, offering solitude and tranquility amidst nature's beauty."
Gol-Kaya,"Gol-Kaya peak is a favorite among climbers, with its challenging routes and panoramic views."
Orne,"Orne mountain is a paradise for nature lovers, with its abundant wildlife and pristine forests."
Ostryi Horb,Ostryi Horb peak offers exhilarating vistas of the surrounding valleys and distant mountain ranges.
Dumbrava,"Dumbrava mountain is a peaceful retreat, with its serene meadows and tranquil atmosphere."
Kobylytsya,"Kobylytsya stands tall and proud, offering breathtaking views of the surrounding valleys."
Lipky,"Lipky is a hidden gem nestled amidst lush greenery, providing a serene escape from the bustling city life."
Ivakhova,Ivakhova is a majestic peak that commands attention with its rugged beauty and awe-inspiring cliffs.
Bayrak,"Bayrak, with its snow-capped summit, is a paradise for adventure enthusiasts seeking thrilling mountaineering experiences."
Bordeyu,"Bordeyu boasts a picturesque landscape, dotted with vibrant wildflowers and tranquil streams."
Velyka Buhayivka,"Velyka Buhayivka offers a challenging yet rewarding trek, rewarding hikers with panoramic vistas of rolling hills."
Kaminchyk,"Kaminchyk is a hiker's paradise, with its well-marked trails and stunning vistas of cascading waterfalls."
Khyrtopuluy,Khyrtopuluy's lofty peaks provide a perfect vantage point to witness the mesmerizing play of colors during sunrise and sunset.
Maslyatin,"Maslyatin is a haven for nature lovers, surrounded by dense forests and home to diverse wildlife."
Ostra Mohtla,Ostra Mohtla's jagged cliffs and steep slopes present a thrilling challenge for experienced climbers.
Chervona Skelya,"Chervona Skelya's crimson-hued rocks create a mesmerizing contrast against the lush greenery, making it a photographer's delight."
Bubnovets,"Bubnovets, with its gentle slopes and scenic trails, is a perfect destination for a rejuvenating weekend getaway."
Volova,Volova's rolling meadows and grazing cattle offer a serene and idyllic setting for a peaceful retreat.
Khalyh-Buruk,Khalyh-Buruk's rugged terrain and untamed beauty make it a paradise for adrenaline junkies seeking thrilling outdoor adventures.
Shybynska,Shybynska's pristine alpine lakes and snow-capped peaks create a postcard-worthy landscape that will leave you in awe.
Bulava,"Bulava, with its towering presence, dominates the skyline and serves as a constant reminder of nature's grandeur."
Podyna,Podyna's rolling hills and panoramic vistas provide a tranquil escape from the chaos of everyday life.
Sarhet,"Sarhet's mystical charm lies in its hidden caves and enchanting waterfalls, offering a mystical allure to explorers."
Orlova,"Orlova's majestic summit offers a bird's-eye view of the surrounding valleys, leaving visitors awe-struck by its magnificence."
Popova,Popova's rugged beauty and challenging trails attract seasoned adventurers in search of an adrenaline-fueled escapade.
Yalchakh-Kizin-Syrti,The summit of Yalchakh-Kizin-Syrti offers breathtaking panoramic views of the surrounding valleys and lakes.
Khart-Kaya,"Hiking to the top of Khart-Kaya is a challenging but rewarding experience, as you can witness the beauty of the untouched wilderness."
Papayur,"Located in a remote region, Papayur stands tall as a majestic peak, attracting adventurous mountaineers from around the world."
Klyachykha,"Ascending Klyachykha demands both physical endurance and mental determination, but the stunning vistas at the summit make it all worthwhile."
Daz-Tepe,"Daz-Tepe, known for its rugged terrain and steep slopes, is a favorite destination for thrill-seeking climbers looking for an adrenaline rush."
Velyka Voronchata,"Velyka Voronchata, with its snow-capped peaks and pristine alpine meadows, is a paradise for nature lovers and photography enthusiasts."
Khamysh,The challenging ascent of Khamysh rewards climbers with unmatched views of the surrounding valleys and a sense of accomplishment.
Bila Hora,"Bila Hora, with its gentle slopes and lush greenery, is a perfect destination for leisurely hikes and picnics amidst nature's splendor."
Khim,Khim's jagged cliffs and narrow ridges present a thrilling adventure for experienced mountaineers seeking an adrenaline-fueled expedition.
Tashlyk,"Tashlyk's imposing presence dominates the landscape, offering hikers a sense of awe and a connection with the raw power of nature."
Khorodyshtya,"Khorodyshtya, surrounded by dense forests and hidden waterfalls, invites explorers to discover its hidden treasures and experience tranquility."
Mohylky,"The summit of Mohylky rewards climbers with breathtaking views of rolling hills, picturesque valleys, and distant peaks."
Melova,Melova's serene beauty and gentle slopes make it an ideal destination for beginners and families looking to enjoy a peaceful mountain getaway.
Papsa,Papsa's remote location and untouched wilderness offer a unique opportunity for adventurers to disconnect from the world and reconnect with nature.
Tarchi,Tarchi's rugged terrain and challenging trails attract experienced mountaineers who seek the thrill of conquering nature's obstacles.
Tashly-Burun,Tashly-Burun's rocky cliffs and panoramic vistas make it a popular spot for photographers and nature enthusiasts alike.
Balaban-Kyr,Balaban-Kyr's towering peaks and deep valleys create a dramatic landscape that captivates the hearts of all who venture there.
Belyi Kamen,Belyi Kamen's mystical aura and ancient legends surrounding its formation make it a site of intrigue and fascination for explorers.
Vonzhgelmska,Vonzhgelmska's remote location and untouched wilderness provide a sanctuary for wildlife and a haven for intrepid adventurers.
Zolotnyky,Zolotnyky's golden sunsets and shimmering lakes create a magical atmosphere that enchants visitors and leaves lasting memories.
Shvedova,Shvedova is a majestic peak that offers breathtaking views of the surrounding valleys and forests.
Kobanysta,"Kobanysta stands tall and proud, its rugged slopes challenging even the most experienced climbers."
Vorvolyntsi,"Vorvolyntsi is a hidden gem, tucked away in the midst of lush greenery and tranquil streams."
Melnychyna Skhidna,"Melnychyna Skhidna boasts impressive rock formations and cascading waterfalls, making it a photographer's paradise."
Brysha,"Brysha is a hiker's dream, with its gentle trails and panoramic vistas that stretch as far as the eye can see."
Chrmany-Ustu,"Chrmany-Ustu is a mountaineer's playground, with its challenging routes and exhilarating climbs."
Ivanova,"Ivanova offers a serene escape from the hustle and bustle of city life, with its peaceful meadows and fresh mountain air."
Artyshly-Burun,Artyshly-Burun commands attention with its towering cliffs and awe-inspiring presence.
Kutur-Oba,"Kutur-Oba is a haven for wildlife enthusiasts, with its diverse flora and fauna thriving in its protected slopes."
Mahva,Mahva's mystical aura and enchanting landscapes make it a favorite destination for nature lovers.
Vyshneva,Vyshneva's rolling hills and vibrant wildflowers create a picturesque setting for outdoor adventures.
Ivanivka,Ivanivka's tranquil atmosphere and panoramic views make it an ideal spot for meditation and relaxation.
Yaniv,Yaniv's jagged peaks and deep valleys offer an adrenaline-fueled experience for thrill-seeking adventurers.
Proshova,Proshova's untouched beauty and remote location make it a perfect retreat for those seeking solitude.
Hermakivka,Hermakivka's rocky slopes and challenging terrain attract avid mountaineers from far and wide.
Pidberyzyna,Pidberyzyna's pristine alpine lakes and lush meadows create a scenic landscape straight out of a fairy tale.
Dembova Hora,Dembova Hora's ancient forests and rich biodiversity provide a haven for nature enthusiasts.
Luka,Luka's rugged cliffs and steep gorges offer a thrilling playground for rock climbers and adrenaline junkies.
Valihura,Valihura's snow-capped peaks and sparkling glaciers make it a paradise for winter sports enthusiasts.
Zareka,Zareka's dramatic ridgelines and breathtaking sunsets make it a favorite spot for photographers and nature lovers alike.
Karachel,Karachel is a majestic peak that offers breathtaking views of the surrounding valleys and forests.
Skalturashy,"Skalturashy stands tall with its rugged terrain and snow-capped peaks, attracting adventurous hikers and mountaineers."
Ostriv,"Ostriv is a hidden gem nestled amidst the rolling hills, providing a serene and tranquil setting for nature enthusiasts."
Merlava,"Merlava is renowned for its challenging hiking trails and rocky cliffs, making it a favorite destination for thrill-seekers."
Dyvocha,"Dyvocha offers a picturesque landscape with its lush green meadows and cascading waterfalls, perfect for nature lovers."
Probizhna,"Probizhna boasts panoramic views of the surrounding countryside, making it an ideal spot for photographers and nature enthusiasts."
Vinohrad,"Vinohrad is a paradise for wine lovers, as its slopes are covered with vineyards that produce exquisite local wines."
Dzyal Kyrnytsya,"Dzyal Kyrnytsya is a remote peak that offers solitude and tranquility, attracting avid mountaineers seeking a challenge."
Tremen-Oba,"Tremen-Oba is a hidden treasure with its untouched wilderness and pristine alpine lakes, providing a haven for outdoor adventurers."
Cherkaska,"Cherkaska is known for its rich biodiversity and rare flora and fauna, making it a paradise for wildlife enthusiasts."
Hlynska,"Hlynska is a haven for bird watchers, as its slopes are home to a variety of migratory birds and endemic species."
Hunushka,"Hunushka is a popular destination for skiing and snowboarding enthusiasts, with its powdery slopes and challenging runs."
Papal-Kaya,Papal-Kaya offers a unique hiking experience with its ancient rock formations and stunning panoramic views of the surrounding valleys.
Vynna,"Vynna is a paradise for outdoor picnics, with its gentle slopes and lush meadows providing a perfect setting for relaxation."
Bohorodetska,"Bohorodetska is a hidden gem with its pristine forests and crystal-clear streams, offering a peaceful escape from the hustle and bustle of city life."
Shuparka,"Shuparka is a favorite destination for nature photographers, with its vibrant wildflowers and breathtaking sunsets."
Bychova,Bychova is a challenging peak that rewards hikers with panoramic views of the surrounding mountain ranges and deep valleys.
Mahera,Mahera is a sacred mountain revered by locals for its spiritual significance and breathtaking natural beauty.
Koziy Hory,"Koziy Hory is a paradise for outdoor enthusiasts, offering a wide range of activities such as hiking, mountain biking, and rock climbing."
Lysa-Gura,"Lysa-Gura is a popular spot for paragliding and hang gliding, with its strong thermals and stunning aerial views of the surrounding landscapes."
